team_id,team_nm,GP,gameWpct,TO,TOperGame,TOboost_adj,TOboost,TOboost_srv,TOboost_ret
T108,Allyce Jones & Lea Jansen,7,28.6,13,1.9,13.2,13.2,28.8,9.8
T65,Anna Leigh Waters & Catherine Parenteau,23,91.3,10,0.4,14.4,14.8,9.6,24.6
T2,Anna Leigh Waters & Leigh Waters,13,69.2,9,0.7,9.1,9.6,12.1,6.6
T71,Anna Leigh Waters & Anna Bright,20,90.0,9,0.4,23.5,23.1,16.5,36.0
T67,Anna Leigh Waters & Ben Johns,14,64.3,8,0.6,1.7,1.7,1.1,6.3
T77,Lauren Stratman & Julian Arnold,4,25.0,7,1.8,7.7,7.4,-2.1,16.8
T151,Parris Todd & Catherine Parenteau,8,62.5,7,0.9,13.1,13.2,21.5,13.5
T132,Anna Bright & James Ignatowich,12,33.3,7,0.6,8.7,7.7,10.1,8.0
T109,Lea Jansen & Jackie Kawamoto,4,25.0,6,1.5,7.0,6.9,17.7,8.6
T250,Jade Kawamoto & Jackie Kawamoto,5,60.0,6,1.2,18.8,17.4,4.2,25.4
T4,Tyler Loong & Tyson McGuffin,5,20.0,6,1.2,-3.5,-2.3,0.9,-10.6
T72,Jessie Irvine & Jackie Kawamoto,4,25.0,5,1.2,27.0,25.5,27.6,19.3
T3,Lea Jansen & Catherine Parenteau,4,50.0,5,1.2,11.4,10.7,17.1,-10.5
T397,Mike Hamberg & Armando Ocando,6,66.7,5,0.8,5.7,5.3,-4.6,13.2
T137,Anna Bright & Vivian Glozman,2,0.0,4,2.0,-2.5,0.2,-17.5,1.8
T25,Paul Olin & Dave Fleming,2,0.0,4,2.0,-12.7,-11.6,52.6,-11.2
T152,Cynthia McPherson & Proposal Velardo,3,66.7,4,1.3,13.8,13.7,10.1,16.4
T116,Richard Livornese Jr & Frank Anthony Davis,3,33.3,4,1.3,3.9,3.9,20.4,-0.1
T101,Lucy Kovalova & Callie Smith,3,0.0,4,1.3,-4.5,-3.3,30.0,-7.2
T38,Mike Strain & Payton Noyes,3,66.7,4,1.3,-12.2,-11.2,12.2,-24.5
T69,AJ Koller & Dekel Bar,4,50.0,4,1.0,-5.0,-3.5,18.3,-8.3
T40,Ryan Kane & Brandon Ward,5,60.0,4,0.8,12.6,12.0,24.1,-2.2
T626,Brooke Peters & Mike Hamberg,7,57.1,4,0.6,-1.3,-0.2,20.1,-8.2
T7,Thomas Wilson & AJ Koller,8,50.0,4,0.5,14.6,13.6,12.4,19.1
T32,Jon Smet & Alex Spancake,15,33.3,4,0.3,27.8,26.3,21.1,32.0
T5,Matt Wright & Riley Newman,22,40.9,4,0.2,5.9,5.2,-6.8,11.8
T523,Kristen Van & Murial Gorden,2,50.0,3,1.5,24.2,22.2,3.8,48.8
T8,Allyce Jones & Meghan Sheehan-Dizon,2,0.0,3,1.5,16.3,15.4,5.2,29.0
T522,Poonam Mahajan & Padma Gopi,2,50.0,3,1.5,9.3,9.5,49.0,0.0
T107,Meghan Sheehan-Dizon & Etta Wright,2,0.0,3,1.5,0.9,1.3,16.6,3.4
T384,Karaline Kelbaugh & Angela Berry,2,0.0,3,1.5,-2.6,-2.1,-4.2,-3.5
T279,Meghan Sheehan-Dizon & Anna Bright,2,0.0,3,1.5,-6.8,-4.8,16.6,-14.2
T454,Jake Miller & Andrew ONeill,2,0.0,3,1.5,-11.6,-10.6,15.1,-16.3
T280,Callie Smith & Dylan Frazier,2,0.0,3,1.5,-19.6,-16.7,-31.4,-9.8
T105,Ho Kim & Jason Renner,2,0.0,3,1.5,-23.8,-21.9,-26.7,-25.6
T134,Vivienne David & Julian Arnold,3,33.3,3,1.0,34.9,34.9,30.6,46.2
T255,Chris Olson & William Chaing,3,0.0,3,1.0,5.9,5.9,34.2,5.6
T142,Yana Grechkina & Lauren Stratman,3,0.0,3,1.0,4.0,4.6,25.4,-19.2
T287,Joey Farias & Shellton Jean Baptiste,3,0.0,3,1.0,1.1,2.1,-5.6,2.1
T95,Jade Kawamoto & Lacy Schneemann,3,0.0,3,1.0,-12.4,-10.3,12.5,-22.1
T106,Vivienne David & Meghan Sheehan-Dizon,3,0.0,3,1.0,-17.5,-16.3,-26.1,-17.0
T86,CJ Klinger & Yates Johnson,3,0.0,3,1.0,-18.8,-16.7,-26.2,-3.7
T66,Vivienne David & Anna Bright,3,0.0,3,1.0,-21.6,-19.7,2.4,-26.7
T46,Dekel Bar & Adam Stone,3,33.3,3,1.0,-24.8,-22.0,-8.0,-30.6
T472,Paul Olin & Nathan Poteet,5,80.0,3,0.6,-8.8,-6.6,6.2,-3.8
T1,Jesse Irvine & Catherine Parenteau,6,16.7,3,0.5,1.6,3.8,1.1,6.0
T104,Josh Jenkins & Bill Kacergis,6,33.3,3,0.5,-29.6,-27.9,-17.0,-42.4
T133,Anna Leigh Waters & Jack Sock,7,71.4,3,0.4,37.8,37.8,55.8,24.1
T245,Allyce Jones & Callie Smith,18,44.4,3,0.2,11.2,9.8,19.5,8.7
T90,William Ratcliff & Kellen Quinlan,1,100.0,2,2.0,28.1,26.6,32.2,35.2
T15,Vivienne David & Lauren Stratman,1,0.0,2,2.0,26.4,25.7,19.8,33.6
T89,David Mosher & Cory Schmitt,1,0.0,2,2.0,25.4,23.3,33.4,27.2
T506,Rachel Rhoney & Jimbo Peterson,1,0.0,2,2.0,18.2,15.4,20.0,10.7
T261,Sunny Buttar & Brett Forsythe,1,0.0,2,2.0,10.2,11.9,31.4,9.0
T685,Angie Walker & Jaume Martinez Vich,1,100.0,2,2.0,6.1,6.9,3.6,8.4
T34,Collin Johns & Dekel Bar,1,0.0,2,2.0,6.1,6.6,-16.7,33.4
T358,Chris Mills Miller & Stefan Andren,1,0.0,2,2.0,4.2,4.6,15.0,-4.1
T453,William Redick & Joshua Saylor,1,0.0,2,2.0,1.6,1.5,1.0,2.1
T622,Christina Shifflett & Youssef Bouzidi,1,100.0,2,2.0,0.2,0.3,-5.6,6.8
T570,Megan Fudge & Andrei Daescu,1,0.0,2,2.0,-1.3,-1.2,-10.0,2.8
T127,Ryan Kane & Mike Strain,1,0.0,2,2.0,-4.9,-2.7,-4.4,2.2
T422,Brittany Huls & Kenny McCollum,1,0.0,2,2.0,-11.0,-9.6,-8.4,-11.2
T669,Aaron Reznik & Alex Szczepkowski,1,0.0,2,2.0,-11.5,-11.6,-20.4,-2.6
T18,Collin Johns & AJ Koller,2,50.0,2,1.0,43.0,38.6,35.9,44.4
T158,Rachel Barrack & Ryan Kane,2,100.0,2,1.0,31.2,30.9,40.2,23.6
T185,Rob Nunnery & Austin Gridley,2,0.0,2,1.0,32.4,29.0,22.2,37.2
T157,Madi Turosinski & Hector Irizarry Nazario,2,0.0,2,1.0,18.8,18.6,23.3,15.6
T374,Sarah Boruta & Youssef Bouzidi,2,100.0,2,1.0,15.8,17.1,25.6,17.8
T82,Marc Loutzenhiser & Kevin Faber,2,50.0,2,1.0,13.3,13.6,-4.2,20.7
T111,Cammy MacGregor & Jennifer Dawson,2,100.0,2,1.0,12.8,11.1,15.4,-50.0
T58,Jake Kearney & Ryan Bernstein,2,0.0,2,1.0,-18.6,-17.5,0.0,-17.8
T6,Wyatt Stone & Hayden Patriquin,2,0.0,2,1.0,-32.2,-28.6,-31.2,-31.0
T663,Karaline Kelbaugh & Alyssa Bialek,3,66.7,2,0.7,37.2,36.4,44.3,31.6
T256,Avner Onishchenko & Jamon Onishchenko,3,100.0,2,0.7,36.4,33.2,42.5,36.8
T193,Judit Castillo Gargallo & Shelby Bates,3,66.7,2,0.7,30.6,29.2,30.0,28.8
T278,Lea Jansen & Federico Staksrud,3,33.3,2,0.7,23.9,22.2,25.0,33.6
T154,Rafa Hewitt & Dylan Frazier,3,66.7,2,0.7,18.2,18.6,12.4,22.8
T60,Ryan Kane & David McNally,3,66.7,2,0.7,16.1,17.8,48.9,-15.4
T68,Jorja Johnson & JW Johnson,3,66.7,2,0.7,14.8,13.4,28.4,-6.6
T664,Allison Klink & Kiersten Pappas,3,33.3,2,0.7,10.2,9.5,4.1,15.6
T204,Stefan Auvergne & Shelby Bates,3,66.7,2,0.7,4.8,5.0,-4.6,10.0
T42,Bill Kacergis & Arpit Dhir,3,33.3,2,0.7,1.4,1.5,-10.7,13.6
T350,James Ignatowich & Tyson McGuffin,3,0.0,2,0.7,-1.2,-2.2,-8.4,5.0
T644,Randy Parker & Brian Noble,3,0.0,2,0.7,-7.1,-7.1,17.2,-25.7
T12,Monica Linn & Bill Kacergis,3,33.3,2,0.7,-10.4,-8.6,-23.4,-8.2
T78,Mike Hamberg & Ethan Dysert,4,50.0,2,0.5,28.2,27.3,22.2,24.2
T373,Robert Laidlaw & Kiersten Pappas,4,50.0,2,0.5,11.4,11.5,1.2,14.0
T85,Stefan Auvergne & Sam Querrey,4,75.0,2,0.5,10.9,11.4,-17.3,32.4
T222,Michael Tow & Randy Parker,4,0.0,2,0.5,-7.0,-7.3,-3.4,-6.6
T126,Waymon Peet & Justin Lui,7,71.4,2,0.3,38.3,35.4,50.0,35.0
T338,Mark Selig & Zachary Lessner,6,33.3,2,0.3,12.8,12.6,-11.0,27.8
T337,Nick Schulkin & Joe Feldman,6,66.7,2,0.3,-23.3,-20.6,-26.4,-33.4
T145,Pablo Tellez & Federico Staksrud,9,33.3,2,0.2,6.2,6.2,9.7,3.8
T13,Collin Johns & Ben Johns,36,72.2,2,0.1,28.9,26.1,10.8,37.2
T262,Haddow Thul & Joel Pelletier,1,100.0,1,1.0,69.4,66.7,75.0,60.0
T419,Lauralei Singsank & David Bieger,1,100.0,1,1.0,47.9,50.0,50.0,50.0
T11,Chrissy Penfold & Eli Powell,1,100.0,1,1.0,55.5,49.2,61.3,0.0
T414,Benson Parry & Logan Rosenbach,1,0.0,1,1.0,43.6,38.8,47.1,43.3
T16,Anna Bright & Jorja Johnson,1,100.0,1,1.0,36.7,36.7,46.7,26.7
T507,Karoline Kelbaugh & Johnny Shapiro,1,0.0,1,1.0,36.8,34.6,42.9,34.2
T474,Rafa Hewett & Dylan Frazier,1,100.0,1,1.0,33.3,33.3,33.3,33.3
T80,Derek Kraje & Tim Cass,1,100.0,1,1.0,36.8,32.8,43.0,39.3
T75,Collin Johns & Travis Rettenmaier,1,100.0,1,1.0,36.1,32.1,33.4,50.0
T180,Ben Hale & Spencer Wood,1,100.0,1,1.0,35.6,31.7,37.1,8.8
T640,Rachel Rohrabacher & James Ignatowich,1,100.0,1,1.0,34.5,31.0,30.0,38.1
T35,Jay Devilliers & Patrick Smith,1,100.0,1,1.0,28.5,30.0,61.5,4.2
T173,Gage Tutko & James Broker,1,0.0,1,1.0,33.1,29.5,51.3,-6.7
T463,Zachary Lessner & Brian Green,1,0.0,1,1.0,28.3,25.9,33.3,32.8
T81,Austin Latak & Rumi Vaikuntan,1,0.0,1,1.0,27.4,24.4,25.0,35.0
T418,Averee Beck & Logan Rosenbach,1,0.0,1,1.0,26.4,23.5,-20.0,41.3
T20,Irina Tereschenko & Catherine Parenteau,1,0.0,1,1.0,23.4,21.8,15.7,28.5
T203,Phillip Locklear & Hunter Johnson,1,0.0,1,1.0,19.9,18.2,32.1,7.2
T119,Hayden Patriquin & James Ignatowich,1,100.0,1,1.0,19.0,18.1,7.1,32.9
T161,Jib Chattrabhuti & Alex Guy,1,100.0,1,1.0,19.4,17.9,-2.1,50.0
T621,Dekel Bar & James Ignatowich,1,100.0,1,1.0,18.9,17.6,7.1,33.3
T264,Dylan Ciampini & Kami Bliss,1,0.0,1,1.0,17.0,16.9,75.0,-15.8
T620,Augustus Ge & JW Johnson,1,0.0,1,1.0,15.2,14.3,-16.7,50.0
T684,Judit Castillo Gargallo & Anderson Scarpa,1,0.0,1,1.0,12.9,12.6,10.0,15.0
T284,Madeline Eden & Said Elasha,1,0.0,1,1.0,13.0,12.1,12.5,13.9
T208,Ryler DeHeart & Connor Garnett,1,0.0,1,1.0,12.8,11.9,20.7,7.1
T311,Manny Lai & Alexander Szczepkowski,1,100.0,1,1.0,10.6,10.8,-1.2,22.7
T294,Heather Murphy & Kathleen Whilesmith,1,0.0,1,1.0,15.0,10.6,35.9,-45.0
T465,Jessica Starr & Abdullah Altayeh,1,100.0,1,1.0,11.3,10.1,4.2,20.0
T446,Nathan Poteet & Alex Spancake,1,0.0,1,1.0,10.3,10.1,8.2,12.1
T84,Sean Proakis & Nathan Rininger,1,100.0,1,1.0,11.2,10.0,18.6,-1.9
T200,Patrick Smith & Scott Doerner,1,0.0,1,1.0,10.3,9.2,3.2,21.7
T181,Brian McCulloch & Josh Golob,1,0.0,1,1.0,9.3,8.3,-16.7,16.6
T258,Leigh Bradwell & Jordann Vigna,1,100.0,1,1.0,6.5,8.0,-3.8,16.7
T639,Lyn Yuen C & Bruno Rosa,1,100.0,1,1.0,5.2,6.7,20.0,0.0
T293,Alexander Aldighieri & Alex Wen,1,0.0,1,1.0,6.6,5.9,-30.0,33.8
T420,Dylan Ciampini & Benson Parry,1,0.0,1,1.0,3.0,4.5,10.0,0.0
T223,Ben Newell & Jill Braverman,1,0.0,1,1.0,4.8,4.3,-6.2,17.1
T430,Nick Schulkin & Ben Flick,1,0.0,1,1.0,6.2,3.3,0.0,13.3
T202,Rachel Rettger & Todd Fought,1,0.0,1,1.0,2.5,2.2,9.2,-2.9
T28,Chandra Soucek & Katherine Gillis,1,100.0,1,1.0,1.1,2.2,2.5,-3.3
T300,Suzanne Chuparkoff & Alexander Aldighieri,1,0.0,1,1.0,1.7,1.5,55.6,-30.0
T265,Lauren Brown & Averee Beck,1,100.0,1,1.0,-1.3,1.1,3.6,15.0
T197,David McNally & Alex Spancake,1,0.0,1,1.0,-0.4,-0.1,-16.7,14.2
T296,Kathleen Whilesmith & Cody Miller,1,0.0,1,1.0,0.6,-0.5,0.0,4.4
T220,Ben Newell & Daniel De La Rosa,1,0.0,1,1.0,-0.9,-0.8,-10.7,7.1
T466,Sue Knuth & Judah Masbruch,1,0.0,1,1.0,-1.2,-1.1,3.3,-5.0
T590,Marianne Lee & John Fiorello,1,0.0,1,1.0,-1.4,-1.2,-7.6,4.5
T165,Sarah Boruta & Derek Kraje,1,100.0,1,1.0,-9.0,-2.3,0.0,-10.0
T631,Ethan Dysert & Lauren Dempsey,1,0.0,1,1.0,-3.2,-4.2,19.0,-15.3
T689,Genie Erokhina & Todd Fought,1,0.0,1,1.0,-6.7,-6.0,34.9,-40.2
T632,Nicole W & Hunter Bassett,1,0.0,1,1.0,-11.6,-6.2,0.0,2.8
T199,Scott Doerner & Tina Pisnik,1,0.0,1,1.0,-12.2,-10.9,-6.7,-16.2
T45,Maya Ben-David & Maddy Saunders,1,0.0,1,1.0,-14.0,-12.5,-14.1,-12.6
T14,Callan Dawson & Spencer Smith,1,0.0,1,1.0,-17.9,-14.7,-25.5,-13.9
T188,Ryler DeHeart & Sarah Ansboury,1,0.0,1,1.0,-21.1,-16.6,0.0,-30.7
T549,Collin Johns & Matt Wright,1,0.0,1,1.0,-20.0,-17.8,-50.0,-4.7
T629,Barry Watkiss & Kim Strappello,1,0.0,1,1.0,-22.4,-18.8,-20.0,-24.4
T266,Jared Brungard & Benson Parry,1,0.0,1,1.0,-25.3,-22.2,-38.9,-22.3
T327,Keith Brilz & Ian Chang,1,0.0,1,1.0,-29.3,-28.3,-39.3,-23.4
T166,Allison Klink & Alex Spancake,1,0.0,1,1.0,-42.3,-30.0,0.0,0.0
T213,Greg Dow & Hurricane Tyra Black,1,0.0,1,1.0,-38.4,-33.3,0.0,-42.9
T455,Seth Weinstein & Daniel Kernan,1,0.0,1,1.0,-45.2,-37.5,0.0,-66.7
T627,Casey W & Jake Miller,1,0.0,1,1.0,-46.9,-41.5,0.0,-47.8
T349,AJ Koller & Riley Newman,1,0.0,1,1.0,-48.9,-43.2,0.0,-55.0
T272,Leah Peterson & Lior Schinagel,1,0.0,1,1.0,-52.2,-46.3,0.0,-64.3
T21,Jesse Irvine & Lucy Kovalova,1,100.0,1,1.0,-44.8,-50.9,-42.9,0.0
T9,Jesse Irvine & Anna Bright,2,100.0,1,0.5,61.2,60.0,100.0,20.0
T17,Ben Johns & Tyler Loong,2,50.0,1,0.5,56.5,50.0,57.9,0.0
T97,Jake Miller & Mike Hamberg,2,0.0,1,0.5,38.1,33.9,53.8,25.7
T428,Jonathan Cameron & Zachary Lessner,2,100.0,1,0.5,33.9,30.2,27.1,46.7
T186,William Sobek & Ryler DeHeart,2,100.0,1,0.5,29.5,28.6,26.2,35.7
T662,Donald Young & Quang Duong,2,100.0,1,0.5,26.5,24.7,33.4,20.0
T489,Carlo Ares & Mike Fotopoulos,2,100.0,1,0.5,26.1,23.2,30.0,13.8
T57,Jacky Lau & Daniel Litrownik,2,100.0,1,0.5,25.4,22.6,12.2,50.0
T217,Greg Dow & Rob Nunnery,2,50.0,1,0.5,22.1,20.9,42.5,3.3
T122,Abby Brandenberger & Matt Brandenberger,2,50.0,1,0.5,17.6,17.9,16.7,18.2
T214,Martina Frantova & Hurricane Tyra Black,2,50.0,1,0.5,17.1,16.7,4.3,30.0
T665,Kelly Dakin & Randy Parker,2,100.0,1,0.5,14.2,13.6,29.9,-3.2
T436,Todd Helbling & Cole Tecce,2,0.0,1,0.5,6.7,1.7,30.0,-35.7
T100,Joe Zamoyta & Mike B,2,0.0,1,0.5,0.7,1.4,13.3,-4.7
T341,Yash Goyal & Morgan Ames,2,0.0,1,0.5,0.4,0.7,-8.0,7.9
T392,Monica Linn & Eli Powell,2,0.0,1,0.5,-2.1,-0.4,25.0,-16.7
T102,Catherine Parenteau & Jorja Johnson,2,0.0,1,0.5,-3.0,-2.7,-33.3,14.2
T194,Bobbi Oshiro & Rachel Rettger,2,0.0,1,0.5,-3.5,-3.1,-9.4,0.0
T37,Ross Weinberg & Guarav Sethi,2,0.0,1,0.5,-6.3,-3.9,-30.8,0.0
T637,Alex Spancake & David Richardson,2,0.0,1,0.5,-5.1,-4.5,-28.6,6.5
T271,Ben Campbell & Yahia Imam,2,50.0,1,0.5,-7.4,-5.6,2.9,-16.0
T666,Pam Lippy & Mark Redding,2,0.0,1,0.5,-40.4,-35.3,0.0,-30.0
T355,Christie Barker & Kiersten Pappas,2,0.0,1,0.5,-48.6,-43.3,0.0,-47.1
T48,Monica Linn & Christian Keenum,3,66.7,1,0.3,55.3,49.0,64.0,0.0
T238,Sebastian Charmot & Dylan Godwin,3,66.7,1,0.3,37.4,33.3,50.0,0.0
T470,Ryan Kane & Arpit Dhir,3,66.7,1,0.3,31.2,28.9,22.9,39.2
T610,Allyce Jones & Rachel Rohrabacher,3,0.0,1,0.3,18.0,16.5,36.4,11.1
T198,Vivian Glozman & Christian Alshon,3,66.7,1,0.3,18.0,16.0,7.0,30.6
T461,Gaurav Sethi & Petr Minar,3,33.3,1,0.3,16.4,15.6,8.3,21.4
T73,Zane Navratil & Matt Wright,3,0.0,1,0.3,16.2,14.8,-8.3,38.1
T59,Payton Noyes & Matt Ferris,3,33.3,1,0.3,7.0,11.1,0.0,16.6
T155,Maddy Saunders & Roman Estareja,3,33.3,1,0.3,6.7,6.0,21.2,-9.6
T23,Ross Whittaker & Grant Johnston,3,33.3,1,0.3,3.4,4.1,-5.0,8.3
T494,Alec Allmon & Alex Spancake,3,66.7,1,0.3,2.9,3.1,3.4,2.5
T613,Kate Fahey & Anna Bright,3,100.0,1,0.3,0.7,2.2,-8.3,3.1
T201,Judit Castillo Gargallo & Sam Querrey,3,33.3,1,0.3,0.0,0.8,13.3,-6.7
T22,Jimbo Peterson & David McNally,3,66.7,1,0.3,-11.2,-10.0,1.7,-21.9
T47,Steve Deakin & Matt Wright,3,66.7,1,0.3,-12.8,-11.4,-35.3,-2.4
T608,Tina Pisnik & Etta Wright,3,33.3,1,0.3,-18.7,-17.9,-42.9,0.0
T112,Maddy Saunders & Troy Ramos,3,33.3,1,0.3,-25.3,-21.2,-34.8,-32.5
T41,David McNally & Daniel McNally,5,80.0,1,0.2,24.0,23.5,25.5,21.7
T61,Ryan Kane & Alex Spancake,4,75.0,1,0.2,1.7,1.9,-3.7,6.7
T486,Matt Watson & Justin Lui,5,60.0,1,0.2,-16.1,-13.1,2.9,-23.8
T269,Dylan Godwin & James Broker,6,50.0,1,0.2,-19.9,-15.0,0.0,-21.7
T237,Alex Spancake & Petr Minar,4,50.0,1,0.2,-22.0,-19.3,-47.6,-8.8
T56,Dylan Godwin & Ish Dafeesh,6,33.3,1,0.2,-24.7,-25.0,-43.5,-6.0
T290,Tyler Martin & Javier Rios,6,16.7,1,0.2,-26.2,-25.2,-45.0,-13.2
T10,Greg Dow & Anderson Scarpa,1,100.0,0,0.0,0.0,0.0,0.0,0.0
T19,Lauren Stratman & Irina Tereschenko,1,0.0,0,0.0,0.0,0.0,0.0,0.0
T24,David McNally & Harsh Pareek,1,0.0,0,0.0,0.0,0.0,0.0,0.0
T26,Chris Mills Miller & John Sperling,2,100.0,0,0.0,0.0,0.0,0.0,0.0
T27,Jimbo Peterson & Joel Phillips,1,100.0,0,0.0,0.0,0.0,0.0,0.0
T29,Sara Maher & Emer Daly,1,0.0,0,0.0,0.0,0.0,0.0,0.0
T30,Monica Paolicelli & Alix Truong,2,0.0,0,0.0,0.0,0.0,0.0,0.0
T31,Vivienne David & Lauren Stratman,2,100.0,0,0.0,0.0,0.0,0.0,0.0
T33,Mark Cunningham & Carter Wittendorf,1,100.0,0,0.0,0.0,0.0,0.0,0.0
T36,David McNally & Max Sinthorntham,2,100.0,0,0.0,0.0,0.0,0.0,0.0
T39,Gizmo Hall & David McNally,3,66.7,0,0.0,0.0,0.0,0.0,0.0
T43,Chuck Taylor & AJ Koller,3,66.7,0,0.0,0.0,0.0,0.0,0.0
T44,Lauralei Singsank & Arti Kashipathi,1,100.0,0,0.0,0.0,0.0,0.0,0.0
T49,Vivianne Pham & Ben Johns,3,33.3,0,0.0,0.0,0.0,0.0,0.0
T50,Dylan Godwin & Ryan Kane,7,57.1,0,0.0,0.0,0.0,0.0,0.0
T51,Alex Spancake & Pickles Smith,3,33.3,0,0.0,0.0,0.0,0.0,0.0
T52,Jeff Volmer & Jimmy Brown,2,0.0,0,0.0,0.0,0.0,0.0,0.0
T53,Alec Allmon & Dylan Godwin,2,100.0,0,0.0,0.0,0.0,0.0,0.0
T54,Alec Allmon & Jon Smet,1,0.0,0,0.0,0.0,0.0,0.0,0.0
T55,Zach Gladstone & Alex Spancake,4,75.0,0,0.0,0.0,0.0,0.0,0.0
T62,Mike Hamberg & Andy King,1,100.0,0,0.0,0.0,0.0,0.0,0.0
T63,Ethan Dysert & Nate Steele,1,0.0,0,0.0,0.0,0.0,0.0,0.0
T64,Alec Allmon & Ryan Kane,3,66.7,0,0.0,0.0,0.0,0.0,0.0
T70,Rafa Hewett & Zane Navratil,2,0.0,0,0.0,0.0,0.0,0.0,0.0
T74,Thomas Wilson & Julian Arnold,1,100.0,0,0.0,0.0,0.0,0.0,0.0
T76,Catherine Parenteau & James Ignatowich,4,75.0,0,0.0,0.0,0.0,0.0,0.0
T79,Justin Hellinger & Joseph Roeder,1,0.0,0,0.0,0.0,0.0,0.0,0.0
T83,Stefan Auvergne & AJ Koller,1,100.0,0,0.0,0.0,0.0,0.0,0.0
T87,Rob Cassidy & Spencer Smith,1,100.0,0,0.0,0.0,0.0,0.0,0.0
T88,Pablo Tellez & Christian Alshon,6,83.3,0,0.0,0.0,0.0,0.0,0.0
T91,Michael Temp & David Temp,2,0.0,0,0.0,0.0,0.0,0.0,0.0
T92,Jeremy Puckett & Evan Temp,2,100.0,0,0.0,0.0,0.0,0.0,0.0
T93,Conner McNicholas & John Funkey,1,100.0,0,0.0,0.0,0.0,0.0,0.0
T94,Cam Doe & Nathan Fort,1,0.0,0,0.0,0.0,0.0,0.0,0.0
T98,Ethan Dysert & John Paway,2,100.0,0,0.0,0.0,0.0,0.0,0.0
T99,Alex Spancake & Ish Dafeesh,2,100.0,0,0.0,0.0,0.0,0.0,0.0
T110,Mary Helen Atkins & Sarah Mitten,2,0.0,0,0.0,0.0,0.0,0.0,0.0
T113,Malia Lum & Danny Lum,3,66.7,0,0.0,0.0,0.0,0.0,0.0
T114,Paul Kind & Peter Cote,3,66.7,0,0.0,0.0,0.0,0.0,0.0
T115,Michael Burl & Chiron Burl,1,100.0,0,0.0,0.0,0.0,0.0,0.0
T117,Christian Keenum & Moo Venkatasen,1,100.0,0,0.0,0.0,0.0,0.0,0.0
T118,Johnny Goldberg & Erik Forsythe,2,100.0,0,0.0,0.0,0.0,0.0,0.0
T120,Dylan Frazier & Federico Staksrud,1,0.0,0,0.0,0.0,0.0,0.0,0.0
T121,Hannah Carpenter & Riley Hardin,1,0.0,0,0.0,0.0,0.0,0.0,0.0
T123,Michael Roenigk & Tammy Steele,1,100.0,0,0.0,0.0,0.0,0.0,0.0
T124,Santhosh Gopal & Poonam Mahajan,1,0.0,0,0.0,0.0,0.0,0.0,0.0
T125,Jo Marie & Dylan S,1,100.0,0,0.0,0.0,0.0,0.0,0.0
T128,Andy Lum & Danny Lum,1,0.0,0,0.0,0.0,0.0,0.0,0.0
T129,Warren Tamanaha & Zack Taylor,1,100.0,0,0.0,0.0,0.0,0.0,0.0
T130,Alexander Lewkowicz & Vlad Radulescu,1,0.0,0,0.0,0.0,0.0,0.0,0.0
T131,Dan Velez & Jonathan Tran,1,100.0,0,0.0,0.0,0.0,0.0,0.0
T135,Daniel Byun & Harrison Yee,1,100.0,0,0.0,0.0,0.0,0.0,0.0
T136,Ethan Nguyen & Nolan Smyth,1,0.0,0,0.0,0.0,0.0,0.0,0.0
T138,Maddie Saunders & Camila Garcia Wright,3,66.7,0,0.0,0.0,0.0,0.0,0.0
T139,Leanne Cantelon & Malia Lum,3,33.3,0,0.0,0.0,0.0,0.0,0.0
T140,James Moore & Kevin NoLastName,1,100.0,0,0.0,0.0,0.0,0.0,0.0
T141,Robert Primmer & Matt Michel,1,0.0,0,0.0,0.0,0.0,0.0,0.0
T143,James Pendleton & Jeff Pendleton,4,25.0,0,0.0,0.0,0.0,0.0,0.0
T144,Craig Lark & Taylor Lark,13,7.7,0,0.0,0.0,0.0,0.0,0.0
T147,Dylan Frazier & JW Johnson,14,64.3,0,0.0,0.0,0.0,0.0,0.0
T148,Vivienne David & Jorja Johnson,5,0.0,0,0.0,0.0,0.0,0.0,0.0
T149,Luke Rogers & Brian Dietrich,1,100.0,0,0.0,0.0,0.0,0.0,0.0
T150,James Larsen & Taylor Lark,17,76.5,0,0.0,0.0,0.0,0.0,0.0
T156,Scott Caldwell & Ravi Songa,1,0.0,0,0.0,0.0,0.0,0.0,0.0
T159,James Pendleton & Taylor Lark,110,48.2,0,0.0,0.0,0.0,0.0,0.0
T160,Raul Santamaria & Brian Nguyen,1,100.0,0,0.0,0.0,0.0,0.0,0.0
T162,Jhonnatan Medina Alvarez & Pierina Imparato,1,0.0,0,0.0,0.0,0.0,0.0,0.0
T163,Tyler Reburn & John Oney,1,0.0,0,0.0,0.0,0.0,0.0,0.0
T164,Cam Cassady & Kevin Steep,1,100.0,0,0.0,0.0,0.0,0.0,0.0
T167,Bradley McNerlin & Benjamin Jeffrey,1,0.0,0,0.0,0.0,0.0,0.0,0.0
T168,Asim Bashir & Brian Dietrich,1,0.0,0,0.0,0.0,0.0,0.0,0.0
T169,Brittney Lew & Zachary Lessner,4,25.0,0,0.0,0.0,0.0,0.0,0.0
T170,Mark Selig & Joe F,1,100.0,0,0.0,0.0,0.0,0.0,0.0
T171,Maureen AUS & Katie AUS,2,100.0,0,0.0,0.0,0.0,0.0,0.0
T172,Vic 1 & Vic 2,2,0.0,0,0.0,0.0,0.0,0.0,0.0
T174,Shelby Wissig & Roy Ching,1,100.0,0,0.0,0.0,0.0,0.0,0.0
T175,Andy Kuo & Le Pham,1,0.0,0,0.0,0.0,0.0,0.0,0.0
T176,Louis AUS & Hutch AUS,2,0.0,0,0.0,0.0,0.0,0.0,0.0
T177,Mitch AUS & Steve AUS,2,100.0,0,0.0,0.0,0.0,0.0,0.0
T178,Danny Dan & Richie Rich,1,0.0,0,0.0,0.0,0.0,0.0,0.0
T179,Susan Kang & Matt Simison,1,100.0,0,0.0,0.0,0.0,0.0,0.0
T182,Seth Kaffka & Ravi Songa,1,0.0,0,0.0,0.0,0.0,0.0,0.0
T183,Trent Lamers & Scott Lamers,1,0.0,0,0.0,0.0,0.0,0.0,0.0
T184,Jarret Sanders & Steven Bauer,1,0.0,0,0.0,0.0,0.0,0.0,0.0
T187,Mary Brascia & Erik Lange,1,100.0,0,0.0,0.0,0.0,0.0,0.0
T189,Tony Sheng & Daniel McAuley,1,100.0,0,0.0,0.0,0.0,0.0,0.0
T190,Roman Estareja & Yoshikazu Ysa,1,0.0,0,0.0,0.0,0.0,0.0,0.0
T191,Yali Sun & Brian Schwartz,1,100.0,0,0.0,0.0,0.0,0.0,0.0
T192,Ming Chang & Cindy Walters,1,0.0,0,0.0,0.0,0.0,0.0,0.0
T195,Callan Dawson & Todd Fought,2,50.0,0,0.0,0.0,0.0,0.0,0.0
T196,Monica Linn & Nathan Poteet,1,100.0,0,0.0,0.0,0.0,0.0,0.0
T205,Bobbi Oshiro & Callan Dawson,1,100.0,0,0.0,0.0,0.0,0.0,0.0
T206,Nathan Poteet & David Richardson,1,0.0,0,0.0,0.0,0.0,0.0,0.0
T207,Ryler DeHeart & Emily Ackerman,1,100.0,0,0.0,0.0,0.0,0.0,0.0
T209,Milan Rane & Phillip Locklear,1,0.0,0,0.0,0.0,0.0,0.0,0.0
T210,Ryan Fernstrom & Niko Martinovic,1,0.0,0,0.0,0.0,0.0,0.0,0.0
T211,Zann Jones & John Strange,1,0.0,0,0.0,0.0,0.0,0.0,0.0
T212,Martina Frantova & Rob Nunnery,1,100.0,0,0.0,0.0,0.0,0.0,0.0
T215,Bryan White & Doug White,1,100.0,0,0.0,0.0,0.0,0.0,0.0
T216,Brandon White & Kathy White-Gadacz,1,0.0,0,0.0,0.0,0.0,0.0,0.0
T218,Nate Steele & Mike Hamberg,2,100.0,0,0.0,0.0,0.0,0.0,0.0
T219,Matt Riddle & Ethan Dysert,2,0.0,0,0.0,0.0,0.0,0.0,0.0
T221,Daniel McPartland & Kevin Sisco,1,100.0,0,0.0,0.0,0.0,0.0,0.0
T224,Christa Gecheva & Daniel De La Rosa,1,100.0,0,0.0,0.0,0.0,0.0,0.0
T225,Christa Gecheva & Jill Braverman,1,100.0,0,0.0,0.0,0.0,0.0,0.0
T226,Brandon White & Doug White,1,100.0,0,0.0,0.0,0.0,0.0,0.0
T227,Kathy White-Gadacz & Bryan White,1,0.0,0,0.0,0.0,0.0,0.0,0.0
T229,Mariel Deyoung & Craig Riley,2,100.0,0,0.0,0.0,0.0,0.0,0.0
T230,Brooks Pettus & Jacquelyn Campbell,2,0.0,0,0.0,0.0,0.0,0.0,0.0
T231,Mike Hamberg & Matt Riddle,4,50.0,0,0.0,0.0,0.0,0.0,0.0
T232,Ethan Dysert & Armando Ocando,4,50.0,0,0.0,0.0,0.0,0.0,0.0
T233,Peter Cote & Lloyd Eppie,1,100.0,0,0.0,0.0,0.0,0.0,0.0
T234,Larry Wang & Ken Shields,1,0.0,0,0.0,0.0,0.0,0.0,0.0
T235,Peter Cote & Adam Chuck,1,100.0,0,0.0,0.0,0.0,0.0,0.0
T236,Oliver Chu & JP Concepcion,1,0.0,0,0.0,0.0,0.0,0.0,0.0
T239,Blake Rutledge & Lloyd Eppie,1,0.0,0,0.0,0.0,0.0,0.0,0.0
T240,Peter Cote & Gerald Sawyer,1,100.0,0,0.0,0.0,0.0,0.0,0.0
T241,Eddy Cheung & Sandy Chila,1,100.0,0,0.0,0.0,0.0,0.0,0.0
T242,Peter Cote & JP Concepcion,1,0.0,0,0.0,0.0,0.0,0.0,0.0
T243,Gee Bee & Gaurav Bee,1,100.0,0,0.0,0.0,0.0,0.0,0.0
T244,Felix Vadan & Sylvain Belange,1,0.0,0,0.0,0.0,0.0,0.0,0.0
T246,Martin Yuson & Matthew Pearce,2,0.0,0,0.0,0.0,0.0,0.0,0.0
T248,Dan B & Kevin B,1,0.0,0,0.0,0.0,0.0,0.0,0.0
T249,Patricio Solari & Felix Vadan,1,100.0,0,0.0,0.0,0.0,0.0,0.0
T251,Sylvain Bellange & Felix Vadan,1,100.0,0,0.0,0.0,0.0,0.0,0.0
T252,Josh Giannelli & Ethan Duncan,1,0.0,0,0.0,0.0,0.0,0.0,0.0
T253,Rianna Valdes & Erik Pailet,2,0.0,0,0.0,0.0,0.0,0.0,0.0
T254,Lindsey Newman & Riley Newman,2,100.0,0,0.0,0.0,0.0,0.0,0.0
T257,Vicky Strandlund & Angie Walker,1,0.0,0,0.0,0.0,0.0,0.0,0.0
T259,Malia Lum & Matt Marceau,1,100.0,0,0.0,0.0,0.0,0.0,0.0
T260,Nicole Eugenio & Tony Sheng,1,0.0,0,0.0,0.0,0.0,0.0,0.0
T263,Steve Deakin & Travis Rettenmaier,1,0.0,0,0.0,0.0,0.0,0.0,0.0
T267,Logan Rosenbach & Liam Duffin,1,100.0,0,0.0,0.0,0.0,0.0,0.0
T268,Ben Wenger & Ryan Kane,3,33.3,0,0.0,0.0,0.0,0.0,0.0
T270,Dan Garfinkel & Matthew Deaver,2,50.0,0,0.0,0.0,0.0,0.0,0.0
T273,Elizabeth Roy & Daniel Reese,1,100.0,0,0.0,0.0,0.0,0.0,0.0
T274,Mark Cleminson & Christina Chin,1,0.0,0,0.0,0.0,0.0,0.0,0.0
T275,Kim Brent & Steve Deakin,1,100.0,0,0.0,0.0,0.0,0.0,0.0
T276,Steve Deakin & Pat Smith,1,0.0,0,0.0,0.0,0.0,0.0,0.0
T277,Brandon French & Chuck Taylor,1,100.0,0,0.0,0.0,0.0,0.0,0.0
T281,Richard Do & Micah Geisenberg,1,0.0,0,0.0,0.0,0.0,0.0,0.0
T282,Osdward Rodriguez & Jason Jimenez,1,100.0,0,0.0,0.0,0.0,0.0,0.0
T283,Richard Do & Jennifer Rodil,1,100.0,0,0.0,0.0,0.0,0.0,0.0
T285,Eric Suggs & Obe J,2,50.0,0,0.0,0.0,0.0,0.0,0.0
T286,Mike L & Shang L,2,50.0,0,0.0,0.0,0.0,0.0,0.0
T288,Red Opponent & Blue Opponent,1,100.0,0,0.0,0.0,0.0,0.0,0.0
T289,Tyler Martin & Lynda Blank,1,0.0,0,0.0,0.0,0.0,0.0,0.0
T291,Suzanna Sim & Steve Nguyen,2,100.0,0,0.0,0.0,0.0,0.0,0.0
T292,Cody Miller & Derek Kraje,1,100.0,0,0.0,0.0,0.0,0.0,0.0
T295,Suzanne Chuparkoff & Leah Tauber,1,100.0,0,0.0,0.0,0.0,0.0,0.0
T297,Leah Tauber & Alex Wen,1,100.0,0,0.0,0.0,0.0,0.0,0.0
T298,Christy Vo & Quang Vuong,2,100.0,0,0.0,0.0,0.0,0.0,0.0
T299,Heather Murphy & Derek Kraje,1,100.0,0,0.0,0.0,0.0,0.0,0.0
T301,Michelle Blank & Mark Blank,2,50.0,0,0.0,0.0,0.0,0.0,0.0
T302,Jeff Hookem & Justin Barton,1,0.0,0,0.0,0.0,0.0,0.0,0.0
T303,Doug Buchanan & Luca Divona,1,100.0,0,0.0,0.0,0.0,0.0,0.0
T304,Jeff Hookem & Luca Divona,1,0.0,0,0.0,0.0,0.0,0.0,0.0
T305,Justin Barton & Doug Buchanan,4,75.0,0,0.0,0.0,0.0,0.0,0.0
T306,Jeff Hookem & Doug Buchanan,3,66.7,0,0.0,0.0,0.0,0.0,0.0
T307,Justin Barton & Luca Divona,3,33.3,0,0.0,0.0,0.0,0.0,0.0
T308,Scott Tolep & Andrei Volgin,1,100.0,0,0.0,0.0,0.0,0.0,0.0
T309,Paul Levy & Roy Mirchandani,1,0.0,0,0.0,0.0,0.0,0.0,0.0
T310,Steve Deakin & Spencer Smith,1,0.0,0,0.0,0.0,0.0,0.0,0.0
T312,Trevor Bateman & Blaine Bateman,43,41.9,0,0.0,0.0,0.0,0.0,0.0
T313,Justin Barton & Johnny Bhojwani,3,33.3,0,0.0,0.0,0.0,0.0,0.0
T314,Brett Farnum & Doug Buchanan,3,66.7,0,0.0,0.0,0.0,0.0,0.0
T315,Joshua Johnson & Damon Mangana,1,0.0,0,0.0,0.0,0.0,0.0,0.0
T316,Solomon Roberts & Aaron Grimmer,1,100.0,0,0.0,0.0,0.0,0.0,0.0
T317,Elliot Blank & Clara Blank,3,100.0,0,0.0,0.0,0.0,0.0,0.0
T318,August Doucet & Jansen Blank,4,0.0,0,0.0,0.0,0.0,0.0,0.0
T319,Nathan Poteet & Josh Seigel,4,50.0,0,0.0,0.0,0.0,0.0,0.0
T320,Rumi Vaikuntan & Ryan Kane,4,50.0,0,0.0,0.0,0.0,0.0,0.0
T321,Raul Santamaria & Jeremy Hacker,1,0.0,0,0.0,0.0,0.0,0.0,0.0
T322,John Trana & Joseph Berry,4,50.0,0,0.0,0.0,0.0,0.0,0.0
T323,Mike Young & William Braswell,1,0.0,0,0.0,0.0,0.0,0.0,0.0
T324,Abraham Mejia & Enrique Salas,1,0.0,0,0.0,0.0,0.0,0.0,0.0
T325,Ethan Bohmke & Ashton Wheeler,1,0.0,0,0.0,0.0,0.0,0.0,0.0
T326,Paul Higgs & Merlyn Johnson,1,100.0,0,0.0,0.0,0.0,0.0,0.0
T328,Andy Vu & Justin Liao,1,100.0,0,0.0,0.0,0.0,0.0,0.0
T329,Ed Sus & Johanna Sus,1,100.0,0,0.0,0.0,0.0,0.0,0.0
T330,Daniel Win & Vic One,1,0.0,0,0.0,0.0,0.0,0.0,0.0
T331,Scott Caldwell & Timothy Grailer,1,0.0,0,0.0,0.0,0.0,0.0,0.0
T332,Michael Cochran & Ravi Songa,1,0.0,0,0.0,0.0,0.0,0.0,0.0
T333,James Pendleton & Kyzer Bair,4,25.0,0,0.0,0.0,0.0,0.0,0.0
T334,Timothy Grailer & Michael Cochran,1,0.0,0,0.0,0.0,0.0,0.0,0.0
T335,Ed Sus & Vic One,1,100.0,0,0.0,0.0,0.0,0.0,0.0
T336,Daniel Win & Johanna Sus,1,0.0,0,0.0,0.0,0.0,0.0,0.0
T339,Ed Sus & Daniel Win,1,0.0,0,0.0,0.0,0.0,0.0,0.0
T340,Johanna Sus & Vic One,1,100.0,0,0.0,0.0,0.0,0.0,0.0
T342,Conner Reburn & Tyler Reburn,2,100.0,0,0.0,0.0,0.0,0.0,0.0
T343,Jason Blank & Cody Noble,1,100.0,0,0.0,0.0,0.0,0.0,0.0
T344,Jeff Blank & Travis Blank,1,0.0,0,0.0,0.0,0.0,0.0,0.0
T345,Scott Caldwell & Michael Cochran,1,100.0,0,0.0,0.0,0.0,0.0,0.0
T346,Kyzer Bair & Taylor Lark,1,0.0,0,0.0,0.0,0.0,0.0,0.0
T347,James Pendleton & Andrew Lark,2,0.0,0,0.0,0.0,0.0,0.0,0.0
T348,Craig Lark & James Larsen,1,100.0,0,0.0,0.0,0.0,0.0,0.0
T351,Matt Wright & Ben Johns,2,50.0,0,0.0,0.0,0.0,0.0,0.0
T352,Vivienne David & Andrea Koop,1,0.0,0,0.0,0.0,0.0,0.0,0.0
T353,Allyce Jones & Riley Newman,2,50.0,0,0.0,0.0,0.0,0.0,0.0
T354,Monica Linn & Sarah Pham,2,100.0,0,0.0,0.0,0.0,0.0,0.0
T357,Wesley Gabrielsen & Erik Lange,1,100.0,0,0.0,0.0,0.0,0.0,0.0
T359,Rashid Blank & Michael Blank,1,0.0,0,0.0,0.0,0.0,0.0,0.0
T360,Edmond Blank & Sean Blank,1,100.0,0,0.0,0.0,0.0,0.0,0.0
T361,Craig Lark & Andrew Lark,4,50.0,0,0.0,0.0,0.0,0.0,0.0
T362,Zachary Lessner & Paul Pickles Smith,2,0.0,0,0.0,0.0,0.0,0.0,0.0
T363,Christian Keenum & Tyler Tolson,3,66.7,0,0.0,0.0,0.0,0.0,0.0
T364,Di Blank & Pam Blank,1,0.0,0,0.0,0.0,0.0,0.0,0.0
T365,Robyn Blank & Hutch Blank,1,100.0,0,0.0,0.0,0.0,0.0,0.0
T366,Parris Todd & Anna Bright,2,50.0,0,0.0,0.0,0.0,0.0,0.0
T367,Robert Laidlaw & Sam Kim,2,100.0,0,0.0,0.0,0.0,0.0,0.0
T368,Nick Meale & Alfonso Ranaudo,2,0.0,0,0.0,0.0,0.0,0.0,0.0
T369,Johnny Bhojwani & Luca Divona,3,33.3,0,0.0,0.0,0.0,0.0,0.0
T370,Hayden Patriquin & Tyson McGuffin,2,0.0,0,0.0,0.0,0.0,0.0,0.0
T371,Riley Newman & Parris Todd,2,50.0,0,0.0,0.0,0.0,0.0,0.0
T372,Rob Ratley & Brian Sanderford,1,0.0,0,0.0,0.0,0.0,0.0,0.0
T375,Tyler Loong & AJ Koller,1,0.0,0,0.0,0.0,0.0,0.0,0.0
T376,Jesse Irvine & Irina Tereschenko,1,100.0,0,0.0,0.0,0.0,0.0,0.0
T377,Gregory Knaggs & Jason Worley,2,50.0,0,0.0,0.0,0.0,0.0,0.0
T378,Colin Johnson & Igor Paley,1,100.0,0,0.0,0.0,0.0,0.0,0.0
T379,Alex Jantsch & Chester Greub,1,100.0,0,0.0,0.0,0.0,0.0,0.0
T380,Taylor Lark & Andrew Lark,8,37.5,0,0.0,0.0,0.0,0.0,0.0
T381,James Larsen & James Pendleton,15,40.0,0,0.0,0.0,0.0,0.0,0.0
T382,Sean Pummill & Johan Den Toom,1,100.0,0,0.0,0.0,0.0,0.0,0.0
T383,Wes Horton & Casey Dominguez,1,100.0,0,0.0,0.0,0.0,0.0,0.0
T385,Kerri Bacha & Jean Halahan,2,100.0,0,0.0,0.0,0.0,0.0,0.0
T386,Corey Nichols & Case Maner,1,100.0,0,0.0,0.0,0.0,0.0,0.0
T387,Di Blank & Robyn Blank,1,0.0,0,0.0,0.0,0.0,0.0,0.0
T388,Hutch Blank & Pam Blank,1,100.0,0,0.0,0.0,0.0,0.0,0.0
T389,Steven Bauer & Patrick Swope,1,0.0,0,0.0,0.0,0.0,0.0,0.0
T390,Di Blank & Hutch Blank,1,0.0,0,0.0,0.0,0.0,0.0,0.0
T391,Robyn Blank & Pam Blank,1,100.0,0,0.0,0.0,0.0,0.0,0.0
T393,Rachel Summers & Genie Erokhina,3,0.0,0,0.0,0.0,0.0,0.0,0.0
T394,Veeraj Rangnekar & Nikhil Mehra,1,0.0,0,0.0,0.0,0.0,0.0,0.0
T395,Wesley Yee & Vishnu Kodangattil,1,100.0,0,0.0,0.0,0.0,0.0,0.0
T396,Mike McGill & David Zeiler,1,100.0,0,0.0,0.0,0.0,0.0,0.0
T398,Vivienne David & Lacy Schneemann,4,75.0,0,0.0,0.0,0.0,0.0,0.0
T399,Youssef Bouzidi & James Broker,1,100.0,0,0.0,0.0,0.0,0.0,0.0
T400,Catherine Parenteau & Andrea Koop,1,100.0,0,0.0,0.0,0.0,0.0,0.0
T401,Tyler Slagill & Alex Spancake,1,100.0,0,0.0,0.0,0.0,0.0,0.0
T403,Matt Carpenter & Kris Ramani,1,100.0,0,0.0,0.0,0.0,0.0,0.0
T404,Pink shoes & white shoes,1,0.0,0,0.0,0.0,0.0,0.0,0.0
T405,Jillian Zook & Kovar Gregory,1,0.0,0,0.0,0.0,0.0,0.0,0.0
T406,Daniel Unknown & Patrick Unknown,1,100.0,0,0.0,0.0,0.0,0.0,0.0
T407,Craig Wohlschlaeger & Taylor Lark,4,0.0,0,0.0,0.0,0.0,0.0,0.0
T408,Shaun Stacey & Brandon Somsen,4,100.0,0,0.0,0.0,0.0,0.0,0.0
T409,Shaun Stacey & Craig Wohlschlaeger,4,0.0,0,0.0,0.0,0.0,0.0,0.0
T410,Brandon Somsen & Taylor Lark,14,78.6,0,0.0,0.0,0.0,0.0,0.0
T411,Taylor Lark & Shaun Stacey,14,64.3,0,0.0,0.0,0.0,0.0,0.0
T412,Craig Wohlschlaeger & Brandon Somsen,5,40.0,0,0.0,0.0,0.0,0.0,0.0
T413,Conor Burns & David Bieger,1,100.0,0,0.0,0.0,0.0,0.0,0.0
T415,Lauralei Singsank & Alexandra McDonald,1,0.0,0,0.0,0.0,0.0,0.0,0.0
T416,Dylan Ciampini & Averee Beck,1,100.0,0,0.0,0.0,0.0,0.0,0.0
T417,Alexandra McDonald & Eli Mautner,1,100.0,0,0.0,0.0,0.0,0.0,0.0
T421,Wen Su & Jason Worley,1,100.0,0,0.0,0.0,0.0,0.0,0.0
T423,Ryan Dinsmore & Jered Drizin,1,100.0,0,0.0,0.0,0.0,0.0,0.0
T424,Robert Hodgson & Corey Nichols,1,100.0,0,0.0,0.0,0.0,0.0,0.0
T425,Rob Ratley & Danny Cox,1,100.0,0,0.0,0.0,0.0,0.0,0.0
T426,Jimmy Chokbengboun & Tam Nguyen,1,100.0,0,0.0,0.0,0.0,0.0,0.0
T427,Asim Bashir & Brandon Somsen,3,66.7,0,0.0,0.0,0.0,0.0,0.0
T429,Justin Sodoma & Evan Blank,1,0.0,0,0.0,0.0,0.0,0.0,0.0
T431,Chris C & David Tickles,1,0.0,0,0.0,0.0,0.0,0.0,0.0
T432,Mike S & Zach Z,1,100.0,0,0.0,0.0,0.0,0.0,0.0
T433,Chris Clements & David Yang,1,0.0,0,0.0,0.0,0.0,0.0,0.0
T434,Mike Strain & Zach Z,1,100.0,0,0.0,0.0,0.0,0.0,0.0
T435,Kyle Wedgeworth & James Pendleton,5,40.0,0,0.0,0.0,0.0,0.0,0.0
T437,Alyssa Lark & Taylor Lark,3,66.7,0,0.0,0.0,0.0,0.0,0.0
T438,Shaun Stacey & Kyle Wedgeworth,10,30.0,0,0.0,0.0,0.0,0.0,0.0
T439,Katy Pendleton & James Pendleton,3,66.7,0,0.0,0.0,0.0,0.0,0.0
T440,Turney Temp & Obe Temp,1,0.0,0,0.0,0.0,0.0,0.0,0.0
T441,Matt Temp & Eric Suggs,1,100.0,0,0.0,0.0,0.0,0.0,0.0
T442,Turney Temp & Eric Suggs,1,0.0,0,0.0,0.0,0.0,0.0,0.0
T443,Matt Temp & Obe Temp,1,100.0,0,0.0,0.0,0.0,0.0,0.0
T444,Matt Temp & Turney Temp,1,100.0,0,0.0,0.0,0.0,0.0,0.0
T445,Obe Temp & Eric Suggs,1,0.0,0,0.0,0.0,0.0,0.0,0.0
T447,Brenna Sill & Bryce Larson,3,33.3,0,0.0,0.0,0.0,0.0,0.0
T448,Yo Dujardin & Ryan Jones,3,66.7,0,0.0,0.0,0.0,0.0,0.0
T449,Joe Feldman & Shashank Temp,3,66.7,0,0.0,0.0,0.0,0.0,0.0
T450,Shea Allred & Blaine Bateman,15,46.7,0,0.0,0.0,0.0,0.0,0.0
T451,James Pendleton & Blaine Bateman,6,50.0,0,0.0,0.0,0.0,0.0,0.0
T452,Cannon Bateman & Taylor Lark,1,0.0,0,0.0,0.0,0.0,0.0,0.0
T456,Shea Allred & Taylor Lark,16,62.5,0,0.0,0.0,0.0,0.0,0.0
T457,Eric Suggs & Tom C,4,50.0,0,0.0,0.0,0.0,0.0,0.0
T458,Joel Phillips & Ed G,4,50.0,0,0.0,0.0,0.0,0.0,0.0
T459,Shea Allred & James Pendleton,6,16.7,0,0.0,0.0,0.0,0.0,0.0
T460,Taylor Lark & Blaine Bateman,5,40.0,0,0.0,0.0,0.0,0.0,0.0
T462,Alex Spancake & Robert Bixler,3,66.7,0,0.0,0.0,0.0,0.0,0.0
T464,Blaine Bateman & Cannon Bateman,11,27.3,0,0.0,0.0,0.0,0.0,0.0
T467,Oscar V & Dave Morse,1,100.0,0,0.0,0.0,0.0,0.0,0.0
T468,Ravi Blank & Brad Blank,1,100.0,0,0.0,0.0,0.0,0.0,0.0
T469,Jason Worley & Brandon Passmore,7,100.0,0,0.0,0.0,0.0,0.0,0.0
T471,Monica Linn & Alex Guy,4,25.0,0,0.0,0.0,0.0,0.0,0.0
T475,Jared Culbert & Jason Worley,1,100.0,0,0.0,0.0,0.0,0.0,0.0
T476,Taylor Lark & Jason Worley,1,0.0,0,0.0,0.0,0.0,0.0,0.0
T477,James Pendleton & Jared Culbert,1,100.0,0,0.0,0.0,0.0,0.0,0.0
T478,Taylor Lark & Brandon Passmore,1,0.0,0,0.0,0.0,0.0,0.0,0.0
T479,James Pendleton & Jason Worley,1,100.0,0,0.0,0.0,0.0,0.0,0.0
T480,Brad Heffler & David Pinsky,2,0.0,0,0.0,0.0,0.0,0.0,0.0
T481,Ron Cortese & Stan Dull,2,100.0,0,0.0,0.0,0.0,0.0,0.0
T482,Allyce Jones & Lauren Stratman,9,11.1,0,0.0,0.0,0.0,0.0,0.0
T483,Rachel Rohrabacher & Anna Bright,5,80.0,0,0.0,0.0,0.0,0.0,0.0
T484,Bill Blank & Deb Blank,1,100.0,0,0.0,0.0,0.0,0.0,0.0
T485,Yshmma Blank & Virna Blank,1,0.0,0,0.0,0.0,0.0,0.0,0.0
T487,D Walsh & Deb N,1,0.0,0,0.0,0.0,0.0,0.0,0.0
T488,Aarti A & David F,1,100.0,0,0.0,0.0,0.0,0.0,0.0
T490,Christian Keenum & Ryan Torresin,2,0.0,0,0.0,0.0,0.0,0.0,0.0
T491,Drew March & Jose Gonzalez,1,100.0,0,0.0,0.0,0.0,0.0,0.0
T492,Hunter Rusher & Clay Southern,1,100.0,0,0.0,0.0,0.0,0.0,0.0
T493,Cooper Barkley & Matt Gross,1,100.0,0,0.0,0.0,0.0,0.0,0.0
T495,Mandi Wray & Daniel Wray,1,0.0,0,0.0,0.0,0.0,0.0,0.0
T496,Kate Rozsa & Sam Hammad,1,100.0,0,0.0,0.0,0.0,0.0,0.0
T497,Janos Hadik & Shane Kuyper,1,0.0,0,0.0,0.0,0.0,0.0,0.0
T498,Ethan Weiss & Dalton Kates,1,100.0,0,0.0,0.0,0.0,0.0,0.0
T499,Chris Trefry & Jerry Worsham,1,100.0,0,0.0,0.0,0.0,0.0,0.0
T500,Alex Shaffer & Steve Tams,1,0.0,0,0.0,0.0,0.0,0.0,0.0
T501,Bob White & Scott Tingley,2,100.0,0,0.0,0.0,0.0,0.0,0.0
T502,Michele Spahr & Brad Barker,1,0.0,0,0.0,0.0,0.0,0.0,0.0
T503,Alyssa Bialek & Alex Spancake,3,66.7,0,0.0,0.0,0.0,0.0,0.0
T504,Karly Newcomb & Josh Golob,3,100.0,0,0.0,0.0,0.0,0.0,0.0
T505,Allison Klink & Ryan Kane,1,0.0,0,0.0,0.0,0.0,0.0,0.0
T508,Zachary Romines & Jeffrey Romines,1,100.0,0,0.0,0.0,0.0,0.0,0.0
T510,Adrian Bedard & Todd Boss,2,0.0,0,0.0,0.0,0.0,0.0,0.0
T511,Lucas Mallory & Bryce Haynes,2,100.0,0,0.0,0.0,0.0,0.0,0.0
T512,Barbara Davis & Kris Macagney,1,0.0,0,0.0,0.0,0.0,0.0,0.0
T513,Ann Kelly & Dana Tholen,1,100.0,0,0.0,0.0,0.0,0.0,0.0
T514,Ann Kelly & Kris Macagney,1,100.0,0,0.0,0.0,0.0,0.0,0.0
T515,Dana Tholen & Barbara Davis,1,0.0,0,0.0,0.0,0.0,0.0,0.0
T516,Dana Tholen & Kris Macagney,1,100.0,0,0.0,0.0,0.0,0.0,0.0
T517,Ann Kelly & Barbara Davis,1,0.0,0,0.0,0.0,0.0,0.0,0.0
T518,Mike Kroeger & Mark Amponin,1,0.0,0,0.0,0.0,0.0,0.0,0.0
T519,Al Mandia & Jonathan Knight,1,100.0,0,0.0,0.0,0.0,0.0,0.0
T520,Caitlin Hanson & Jane McNeely,1,100.0,0,0.0,0.0,0.0,0.0,0.0
T521,Connie Craig & Meg Waskow,1,0.0,0,0.0,0.0,0.0,0.0,0.0
T524,David McNally & Paul Olin,2,0.0,0,0.0,0.0,0.0,0.0,0.0
T525,Ellie Medawar & Rian Weston-Dodds,1,100.0,0,0.0,0.0,0.0,0.0,0.0
T526,George Yang & Andrew Barker,1,0.0,0,0.0,0.0,0.0,0.0,0.0
T527,Stephen Parisi & Jack Lin,1,100.0,0,0.0,0.0,0.0,0.0,0.0
T528,Ilan Waskow & Clarence Lindblom,1,0.0,0,0.0,0.0,0.0,0.0,0.0
T529,Nancy Del Viscio & Bob Hyer,1,100.0,0,0.0,0.0,0.0,0.0,0.0
T530,Sue McNeill & Kristal Hyer,1,0.0,0,0.0,0.0,0.0,0.0,0.0
T531,Nancy Del Viscio & Krystal Hyer,1,0.0,0,0.0,0.0,0.0,0.0,0.0
T532,Sue McNeill & Bob Hyer,1,100.0,0,0.0,0.0,0.0,0.0,0.0
T533,Sue McNeill & Nancy Del Viscio,1,0.0,0,0.0,0.0,0.0,0.0,0.0
T534,Bob Hyer & Kristal Hyer,1,100.0,0,0.0,0.0,0.0,0.0,0.0
T535,Dave Holland & CC Holland,2,0.0,0,0.0,0.0,0.0,0.0,0.0
T536,Tony Parisi & Ti Caudron,2,100.0,0,0.0,0.0,0.0,0.0,0.0
T537,Susan Donoghue & Lois Lindblom,1,100.0,0,0.0,0.0,0.0,0.0,0.0
T538,Diane Rosenburg & Kim Brist,1,0.0,0,0.0,0.0,0.0,0.0,0.0
T539,Lisa Snyder & Monika Downey,1,100.0,0,0.0,0.0,0.0,0.0,0.0
T540,Sheila Galegher & Donna Pope,1,0.0,0,0.0,0.0,0.0,0.0,0.0
T541,George Yang & Rian Weston-Dodds,1,100.0,0,0.0,0.0,0.0,0.0,0.0
T542,Ellie Medawar & Stephen Parisi,1,0.0,0,0.0,0.0,0.0,0.0,0.0
T543,Connie Craig & Clarence Lindblom,1,100.0,0,0.0,0.0,0.0,0.0,0.0
T544,Ilan Waskow & Meg Waskow,1,0.0,0,0.0,0.0,0.0,0.0,0.0
T545,Braley Kraemer & Keri Herkenrath,2,100.0,0,0.0,0.0,0.0,0.0,0.0
T546,Heather Loiselle & Herv Bezjak,2,0.0,0,0.0,0.0,0.0,0.0,0.0
T547,Jack Lin & Andrew Baker,1,0.0,0,0.0,0.0,0.0,0.0,0.0
T548,Temp Temp & Greg Molotky,1,100.0,0,0.0,0.0,0.0,0.0,0.0
T550,Thomas Wilson & Christian Alshon,1,100.0,0,0.0,0.0,0.0,0.0,0.0
T551,Tyler Loong & Connor Garnett,2,100.0,0,0.0,0.0,0.0,0.0,0.0
T552,Callan Dawson & Hayden Patriquin,2,0.0,0,0.0,0.0,0.0,0.0,0.0
T553,Jhonnatan Medina Alvarez & Rosen Naydenov,1,100.0,0,0.0,0.0,0.0,0.0,0.0
T554,Tyler Vanagas & Nate A,1,0.0,0,0.0,0.0,0.0,0.0,0.0
T555,Chip Morgan & Randy Parker,1,100.0,0,0.0,0.0,0.0,0.0,0.0
T556,Steve Reppas & Don Obremski,1,0.0,0,0.0,0.0,0.0,0.0,0.0
T557,Andrea Koop & Tina Pisnik,2,100.0,0,0.0,0.0,0.0,0.0,0.0
T558,Michael Stevens & Chip Morgan,1,100.0,0,0.0,0.0,0.0,0.0,0.0
T559,Nate Bertness & Justin Barton,4,25.0,0,0.0,0.0,0.0,0.0,0.0
T560,Kyle Kimel & Luca Divona,4,75.0,0,0.0,0.0,0.0,0.0,0.0
T561,Rebekah Marquis & Joe Carson,1,100.0,0,0.0,0.0,0.0,0.0,0.0
T562,Mike Algeri & Blanka Foucaud,1,0.0,0,0.0,0.0,0.0,0.0,0.0
T563,Mike Algeri & Joe Carson,1,100.0,0,0.0,0.0,0.0,0.0,0.0
T564,Blanka Foucaud & Rebekah Marquis,1,0.0,0,0.0,0.0,0.0,0.0,0.0
T565,Joe Carson & Blanka Foucaud,1,100.0,0,0.0,0.0,0.0,0.0,0.0
T566,Rebekah Marquis & Michael Algeri,1,0.0,0,0.0,0.0,0.0,0.0,0.0
T567,James Larsen & Jeff Pendleton,1,0.0,0,0.0,0.0,0.0,0.0,0.0
T568,Taylor Lark & Jeff Pendleton,3,66.7,0,0.0,0.0,0.0,0.0,0.0
T569,Hurricane Tyra Black & Dylan Frazier,4,75.0,0,0.0,0.0,0.0,0.0,0.0
T571,Sharon Lagas & Ryan Lamberson,1,0.0,0,0.0,0.0,0.0,0.0,0.0
T572,Donnie Mauldin & Timmy Miles,1,100.0,0,0.0,0.0,0.0,0.0,0.0
T573,Donnie Mauldin & Ryan Vena,1,100.0,0,0.0,0.0,0.0,0.0,0.0
T574,Sharon Lagas & Tyler Melhorn,1,0.0,0,0.0,0.0,0.0,0.0,0.0
T575,Nick Peterson & Braxton Kinner,1,0.0,0,0.0,0.0,0.0,0.0,0.0
T576,Kevin Naber & Alex Peterson,2,100.0,0,0.0,0.0,0.0,0.0,0.0
T577,Desiree Reader & Timmy Miles,1,0.0,0,0.0,0.0,0.0,0.0,0.0
T578,Alex Lynch & Ryan Lamberson,1,100.0,0,0.0,0.0,0.0,0.0,0.0
T579,Desiree Reader & Ryan Vena,1,100.0,0,0.0,0.0,0.0,0.0,0.0
T580,Alex Lynch & Tyler Melhorn,1,0.0,0,0.0,0.0,0.0,0.0,0.0
T581,Shea Allred & Shaun Stacey,3,66.7,0,0.0,0.0,0.0,0.0,0.0
T582,Taylor Lark & Kyle Wedgeworth,3,33.3,0,0.0,0.0,0.0,0.0,0.0
T583,Sharon Lagas & Ryan Vena,1,100.0,0,0.0,0.0,0.0,0.0,0.0
T584,Donnie Mauldin & Tyler Melhorn,1,0.0,0,0.0,0.0,0.0,0.0,0.0
T585,Desiree Reader & Ryan Lamberson,1,0.0,0,0.0,0.0,0.0,0.0,0.0
T586,Alex Lynch & Timmy Miles,1,100.0,0,0.0,0.0,0.0,0.0,0.0
T587,Shea Allred & Kyle Wedgeworth,3,66.7,0,0.0,0.0,0.0,0.0,0.0
T588,Nick Peterson & John Lundeen,1,0.0,0,0.0,0.0,0.0,0.0,0.0
T589,David Bieger & Jonathan Truong,1,100.0,0,0.0,0.0,0.0,0.0,0.0
T591,Allyce Jones & Jack Sock,3,33.3,0,0.0,0.0,0.0,0.0,0.0
T592,Callie Smith & Anna Bright,3,66.7,0,0.0,0.0,0.0,0.0,0.0
T593,Allyce Jones & Hurricane Tyra Black,3,33.3,0,0.0,0.0,0.0,0.0,0.0
T594,Mathew Coatney & Kaden Seward,1,100.0,0,0.0,0.0,0.0,0.0,0.0
T595,Ean Berry & Addison Luelf,1,100.0,0,0.0,0.0,0.0,0.0,0.0
T596,Carlos Solis & Ryan Runner,1,0.0,0,0.0,0.0,0.0,0.0,0.0
T597,Ben Hewes & Jonathan Kirwin,1,0.0,0,0.0,0.0,0.0,0.0,0.0
T598,Sean Pummill & Jared Culbert,1,100.0,0,0.0,0.0,0.0,0.0,0.0
T599,Renjith Lal Erreseril & Rajasekhar Gunreddy,1,100.0,0,0.0,0.0,0.0,0.0,0.0
T600,Eddie Hunter & EZ Lakshmanan,1,100.0,0,0.0,0.0,0.0,0.0,0.0
T601,Dustin Gudde & Austin Conner,1,100.0,0,0.0,0.0,0.0,0.0,0.0
T602,Jarret Sanders & Patrick Swope,1,100.0,0,0.0,0.0,0.0,0.0,0.0
T603,Pablo Tellez & Etta Wright,2,50.0,0,0.0,0.0,0.0,0.0,0.0
T604,Meghan Sheehan-Dizon & Connor Garnett,1,0.0,0,0.0,0.0,0.0,0.0,0.0
T605,Tina Pisnik & Christian Alshon,2,100.0,0,0.0,0.0,0.0,0.0,0.0
T606,Brooke Buckner & Riley Newman,1,0.0,0,0.0,0.0,0.0,0.0,0.0
T607,Riley Newman & Connor Garnett,1,0.0,0,0.0,0.0,0.0,0.0,0.0
T609,Brooke Buckner & Meghan Sheehan-Dizon,1,0.0,0,0.0,0.0,0.0,0.0,0.0
T611,Meghan Dizon & Brooke Buckner,1,100.0,0,0.0,0.0,0.0,0.0,0.0
T612,Jorja Johnson & Hurricane Tyra Black,1,100.0,0,0.0,0.0,0.0,0.0,0.0
T614,Anna Bright & Hayden Patriquin,2,100.0,0,0.0,0.0,0.0,0.0,0.0
T615,Kate Fahey & Gabriel Tardio,2,0.0,0,0.0,0.0,0.0,0.0,0.0
T616,Gabriel Tardio & Hayden Patriquin,1,100.0,0,0.0,0.0,0.0,0.0,0.0
T617,James Larsen & Blaine Bateman,1,100.0,0,0.0,0.0,0.0,0.0,0.0
T618,Leanne Cleveland & Kristen Larrick,2,100.0,0,0.0,0.0,0.0,0.0,0.0
T619,Jillian Zook & Pia Nierman,2,0.0,0,0.0,0.0,0.0,0.0,0.0
T623,Kyle Wedgeworth & Brandon Somsen,1,0.0,0,0.0,0.0,0.0,0.0,0.0
T624,Shaun Stacey & James Pendleton,1,100.0,0,0.0,0.0,0.0,0.0,0.0
T625,James Pendleton & Jack Pendleton,2,0.0,0,0.0,0.0,0.0,0.0,0.0
T628,Cristian Alvarado & Noah Alvardo,2,100.0,0,0.0,0.0,0.0,0.0,0.0
T630,Brooke M & Alex Toth,2,100.0,0,0.0,0.0,0.0,0.0,0.0
T633,Taylor Lark & Samit Batra,5,100.0,0,0.0,0.0,0.0,0.0,0.0
T634,Shea Allred & James Larsen,8,62.5,0,0.0,0.0,0.0,0.0,0.0
T635,Kyle White & James Pendleton,5,0.0,0,0.0,0.0,0.0,0.0,0.0
T636,Zvika Rosenboum & Mark Rawlins,1,100.0,0,0.0,0.0,0.0,0.0,0.0
T638,Camila Gonzalez & Jose Gonzalez,9,55.6,0,0.0,0.0,0.0,0.0,0.0
T641,Andrew Curtis & Alex Spancake,3,66.7,0,0.0,0.0,0.0,0.0,0.0
T642,Josh Golob & Petr Minar,3,33.3,0,0.0,0.0,0.0,0.0,0.0
T643,Glenn Jordan & Bernard Leblanc,2,100.0,0,0.0,0.0,0.0,0.0,0.0
T645,Rich Lively & Shay Coker,1,100.0,0,0.0,0.0,0.0,0.0,0.0
T646,Craig Lark & James Pendleton,2,0.0,0,0.0,0.0,0.0,0.0,0.0
T647,James Pendleton & Trevor Bateman,1,100.0,0,0.0,0.0,0.0,0.0,0.0
T648,David Mosher & Rebecca Mosher,3,66.7,0,0.0,0.0,0.0,0.0,0.0
T649,Debbie Feutsch & Brian Fairchild,3,33.3,0,0.0,0.0,0.0,0.0,0.0
T650,Cooper Gatten & Phillip Gibson,1,100.0,0,0.0,0.0,0.0,0.0,0.0
T651,Jeffrey Romines & Matthew Wright,1,100.0,0,0.0,0.0,0.0,0.0,0.0
T652,Corey Adams & Kyle Adams,2,100.0,0,0.0,0.0,0.0,0.0,0.0
T653,Varun Nagaraj & Udhaya Chander,1,100.0,0,0.0,0.0,0.0,0.0,0.0
T654,Collin Harner & Krish Sivakumar,1,100.0,0,0.0,0.0,0.0,0.0,0.0
T655,Cody Vaught & Rotnei Clarke,1,0.0,0,0.0,0.0,0.0,0.0,0.0
T656,Ryan Lemoine & Justin Kilgo,1,0.0,0,0.0,0.0,0.0,0.0,0.0
T657,Johnny Sanchez & Will Fernandez,1,0.0,0,0.0,0.0,0.0,0.0,0.0
T658,Brooks Mulloy & Brian Mulloy,1,0.0,0,0.0,0.0,0.0,0.0,0.0
T659,Craig Hanke & Polo Sengthavorn,1,100.0,0,0.0,0.0,0.0,0.0,0.0
T660,Landry Banker & Jeremy Hacker,1,0.0,0,0.0,0.0,0.0,0.0,0.0
T661,Jonathan Truong & Chiron Burl,2,0.0,0,0.0,0.0,0.0,0.0,0.0
T667,James Larsen & Kyle White,3,100.0,0,0.0,0.0,0.0,0.0,0.0
T668,Jordan Denish & Alex Spancake,1,100.0,0,0.0,0.0,0.0,0.0,0.0
T670,Jake McMahon & Taylor Lark,4,50.0,0,0.0,0.0,0.0,0.0,0.0
T671,Joshua Stalcup & Andrew Crocker,5,60.0,0,0.0,0.0,0.0,0.0,0.0
T672,David Ott & Jake McMahon,1,100.0,0,0.0,0.0,0.0,0.0,0.0
T673,Taylor Lark & Paul Redmond,1,0.0,0,0.0,0.0,0.0,0.0,0.0
T674,David Mosher & Matt Hofer,2,100.0,0,0.0,0.0,0.0,0.0,0.0
T675,Brian Fairchild & Gabe Galvez,2,0.0,0,0.0,0.0,0.0,0.0,0.0
T676,Jay Boucher & Jake McMahon,1,0.0,0,0.0,0.0,0.0,0.0,0.0
T677,Drake Dutra & Gregory Knaggs,1,0.0,0,0.0,0.0,0.0,0.0,0.0
T678,Mike Nobles & Matt Gross,1,0.0,0,0.0,0.0,0.0,0.0,0.0
T679,Ryan S & Axel E,1,0.0,0,0.0,0.0,0.0,0.0,0.0
T680,Mikkel E & Nando M,1,100.0,0,0.0,0.0,0.0,0.0,0.0
T681,Ryan S & Nando M,1,0.0,0,0.0,0.0,0.0,0.0,0.0
T682,James C & Nick M,1,100.0,0,0.0,0.0,0.0,0.0,0.0
T683,Allyce Jones & Dekel Bar,1,0.0,0,0.0,0.0,0.0,0.0,0.0
T686,Jillian Zook & Adam Shrager,1,100.0,0,0.0,0.0,0.0,0.0,0.0
T687,Mark Pabalan & Thu Deo,1,0.0,0,0.0,0.0,0.0,0.0,0.0
T688,Mo Alhouni & Zoe Yi Wang,1,100.0,0,0.0,0.0,0.0,0.0,0.0
T690,Angie Walker & Genie Erokhina,1,0.0,0,0.0,0.0,0.0,0.0,0.0
T691,Judit Castillo Gargallo & Zoe Yi Wang,1,100.0,0,0.0,0.0,0.0,0.0,0.0
T692,Mo Alhouni & Anderson Scarpa,1,0.0,0,0.0,0.0,0.0,0.0,0.0
T693,Todd Fought & Jaume Martinez Vich,1,100.0,0,0.0,0.0,0.0,0.0,0.0
T694,Meghan Dizon & Clayton Boydston,1,0.0,0,0.0,0.0,0.0,0.0,0.0
T695,Ryan Smith & Ryan Jones,1,100.0,0,0.0,0.0,0.0,0.0,0.0
T696,Meghan Dizon & Ryan Jones,1,0.0,0,0.0,0.0,0.0,0.0,0.0
T697,Ryan Smith & Clayton Boydston,2,100.0,0,0.0,0.0,0.0,0.0,0.0
T698,Ryan Jones & Clayton Boydston,2,50.0,0,0.0,0.0,0.0,0.0,0.0
T699,Ryan Smith & Meghan Dizon,1,100.0,0,0.0,0.0,0.0,0.0,0.0
T700,Leslie B & Joe Zamoyta,2,0.0,0,0.0,0.0,0.0,0.0,0.0
T701,Oyun W & Tom K,2,100.0,0,0.0,0.0,0.0,0.0,0.0
T702,Leslie B & Tom K,1,100.0,0,0.0,0.0,0.0,0.0,0.0
T703,Oyun W & Joe Zamoyta,1,0.0,0,0.0,0.0,0.0,0.0,0.0
T704,James Pendleton & Brandon Somsen,1,100.0,0,0.0,0.0,0.0,0.0,0.0
T705,James Larsen & Brandon Somsen,3,100.0,0,0.0,0.0,0.0,0.0,0.0
T706,Jorja Johnson & Mari Humberg,5,80.0,0,0.0,0.0,0.0,0.0,0.0
T707,John L & John R,1,100.0,0,0.0,0.0,0.0,0.0,0.0
T708,James C & Ryan S,1,0.0,0,0.0,0.0,0.0,0.0,0.0
T709,Stephen Lark & Taylor Lark,5,100.0,0,0.0,0.0,0.0,0.0,0.0
T710,Michael Shire & Steve Hedrick,1,0.0,0,0.0,0.0,0.0,0.0,0.0
T711,Jeremy Melton & Jon Woodward,1,0.0,0,0.0,0.0,0.0,0.0,0.0
T712,Steve Brock & Todd Parker,2,0.0,0,0.0,0.0,0.0,0.0,0.0
T713,Dennis Pitta & Taylor Lark,3,33.3,0,0.0,0.0,0.0,0.0,0.0
T714,Rob Myers & Tim Huynh,1,0.0,0,0.0,0.0,0.0,0.0,0.0
T715,Andrew Lark & Dennis Pitta,2,100.0,0,0.0,0.0,0.0,0.0,0.0
T716,Ryan Smith & Quentin Wilson,1,0.0,0,0.0,0.0,0.0,0.0,0.0
T717,Quentin Wilson & Ryan Jones,1,0.0,0,0.0,0.0,0.0,0.0,0.0
T718,Christian Alshon & Quang Duong,3,100.0,0,0.0,0.0,0.0,0.0,0.0
T719,Nancy D & Jeanne D,1,0.0,0,0.0,0.0,0.0,0.0,0.0
T720,Steve D & Laura T,1,100.0,0,0.0,0.0,0.0,0.0,0.0
T721,Laura T & Nancy S,1,0.0,0,0.0,0.0,0.0,0.0,0.0
T722,Steve H & Carl S,1,100.0,0,0.0,0.0,0.0,0.0,0.0
T723,Laura T & Carl S,1,100.0,0,0.0,0.0,0.0,0.0,0.0
T724,Jeanne D & Steve D,2,0.0,0,0.0,0.0,0.0,0.0,0.0
T725,Carl S & Nancy S,1,100.0,0,0.0,0.0,0.0,0.0,0.0
T726,Jessie Irvine & Kaitlyn Christian,2,0.0,0,0.0,0.0,0.0,0.0,0.0
T727,Sean Pummill & James Pendleton,2,100.0,0,0.0,0.0,0.0,0.0,0.0
T728,Camila Gonzalez & Taylor Lark,1,0.0,0,0.0,0.0,0.0,0.0,0.0
T729,Camila Gonzalez & Sean Pummill,2,100.0,0,0.0,0.0,0.0,0.0,0.0
T730,Jose Gonzalez & James Pendleton,1,0.0,0,0.0,0.0,0.0,0.0,0.0
T731,Sean Pummill & Taylor Lark,2,50.0,0,0.0,0.0,0.0,0.0,0.0
T732,Sean Pummill & Jose Gonzalez,1,0.0,0,0.0,0.0,0.0,0.0,0.0
T103,Richard Livornese & Frank Anthony Davis,0,0.0,0,0.0,0.0,0.0,0.0,0.0
T402,Clark Benassi & Payton Noyes,0,0.0,0,0.0,0.0,0.0,0.0,0.0
T509,Lucas Mallory & Bryce Hanes,0,0.0,0,0.0,0.0,0.0,0.0,0.0
